NOMBRE;APELLIDO;ID
JOSE1;ESPINOZA1;10
JOSE2;ESPINOZA2;11
JOSE3;ESPINOZA3;12
JOSE4;ESPINOZA4;13
JOSE5;ESPINOZA5;14
JOSE6;ESPINOZA6;15
JOSE7;ESPINOZA7;16
JOSE8;ESPINOZA8;17
JOSE9;ESPINOZA9;18
JOSE10;ESPINOZA10;19
JOSE11;ESPINOZA11;20
JOSE12;ESPINOZA12;21
JOSE13;ESPINOZA13;22
JOSE14;ESPINOZA14;23
JOSE15;ESPINOZA15;24
JOSE16;ESPINOZA16;25
JOSE17;ESPINOZA17;26
JOSE18;ESPINOZA18;27
JOSE19;ESPINOZA19;28
JOSE20;ESPINOZA20;29
JOSE21;ESPINOZA21;30
JOSE22;ESPINOZA22;31
JOSE23;ESPINOZA23;32
JOSE24;ESPINOZA24;33
JOSE25;ESPINOZA25;34
JOSE26;ESPINOZA26;35
JOSE27;ESPINOZA27;36
JOSE28;ESPINOZA28;37
JOSE29;ESPINOZA29;38
JOSE30;ESPINOZA30;39
JOSE31;ESPINOZA31;40
JOSE32;ESPINOZA32;41
JOSE33;ESPINOZA33;42
JOSE34;ESPINOZA34;43
JOSE35;ESPINOZA35;44
JOSE36;ESPINOZA36;45
JOSE37;ESPINOZA37;46
JOSE38;ESPINOZA38;47
JOSE39;ESPINOZA39;48
JOSE40;ESPINOZA40;49
JOSE41;ESPINOZA41;50
JOSE42;ESPINOZA42;51
JOSE43;ESPINOZA43;52
JOSE44;ESPINOZA44;53
JOSE45;ESPINOZA45;54
JOSE46;ESPINOZA46;55
JOSE47;ESPINOZA47;56
JOSE48;ESPINOZA48;57
JOSE49;ESPINOZA49;58
JOSE50;ESPINOZA50;59
JOSE51;ESPINOZA51;60
JOSE52;ESPINOZA52;61
JOSE53;ESPINOZA53;62
JOSE54;ESPINOZA54;63
JOSE55;ESPINOZA55;64
JOSE56;ESPINOZA56;65
JOSE57;ESPINOZA57;66
JOSE58;ESPINOZA58;67
JOSE59;ESPINOZA59;68
JOSE60;ESPINOZA60;69
JOSE61;ESPINOZA61;70
JOSE62;ESPINOZA62;71
JOSE63;ESPINOZA63;72
JOSE64;ESPINOZA64;73
JOSE65;ESPINOZA65;74
JOSE66;ESPINOZA66;75
JOSE67;ESPINOZA67;76
JOSE68;ESPINOZA68;77
JOSE69;ESPINOZA69;78
JOSE70;ESPINOZA70;79
JOSE71;ESPINOZA71;80
JOSE72;ESPINOZA72;81
JOSE73;ESPINOZA73;82
JOSE74;ESPINOZA74;83
JOSE75;ESPINOZA75;84
JOSE76;ESPINOZA76;85
JOSE77;ESPINOZA77;86
JOSE78;ESPINOZA78;87
JOSE79;ESPINOZA79;88
JOSE80;ESPINOZA80;89
JOSE81;ESPINOZA81;90
JOSE82;ESPINOZA82;91
JOSE83;ESPINOZA83;92
JOSE84;ESPINOZA84;93
JOSE85;ESPINOZA85;94
JOSE86;ESPINOZA86;95
JOSE87;ESPINOZA87;96
JOSE88;ESPINOZA88;97
JOSE89;ESPINOZA89;98
JOSE90;ESPINOZA90;99
JOSE91;ESPINOZA91;100
JOSE92;ESPINOZA92;101
JOSE93;ESPINOZA93;102
JOSE94;ESPINOZA94;103
JOSE95;ESPINOZA95;104
JOSE96;ESPINOZA96;105
JOSE97;ESPINOZA97;106
JOSE98;ESPINOZA98;107
JOSE99;ESPINOZA99;108
JOSE100;ESPINOZA100;109
JOSE101;ESPINOZA101;110
JOSE102;ESPINOZA102;111
JOSE103;ESPINOZA103;112
JOSE104;ESPINOZA104;113
JOSE105;ESPINOZA105;114
JOSE106;ESPINOZA106;115
JOSE107;ESPINOZA107;116
JOSE108;ESPINOZA108;117
JOSE109;ESPINOZA109;118
JOSE110;ESPINOZA110;119
JOSE111;ESPINOZA111;120
JOSE112;ESPINOZA112;121
JOSE113;ESPINOZA113;122
JOSE114;ESPINOZA114;123
JOSE115;ESPINOZA115;124
JOSE116;ESPINOZA116;125
JOSE117;ESPINOZA117;126
JOSE118;ESPINOZA118;127
JOSE119;ESPINOZA119;128
JOSE120;ESPINOZA120;129
JOSE121;ESPINOZA121;130
JOSE122;ESPINOZA122;131
JOSE123;ESPINOZA123;132
JOSE124;ESPINOZA124;133
JOSE125;ESPINOZA125;134
JOSE126;ESPINOZA126;135
JOSE127;ESPINOZA127;136
JOSE128;ESPINOZA128;137
JOSE129;ESPINOZA129;138
JOSE130;ESPINOZA130;139
JOSE131;ESPINOZA131;140
JOSE132;ESPINOZA132;141
JOSE133;ESPINOZA133;142
JOSE134;ESPINOZA134;143
JOSE135;ESPINOZA135;144
JOSE136;ESPINOZA136;145
JOSE137;ESPINOZA137;146
JOSE138;ESPINOZA138;147
JOSE139;ESPINOZA139;148
JOSE140;ESPINOZA140;149
JOSE141;ESPINOZA141;150
JOSE142;ESPINOZA142;151
JOSE143;ESPINOZA143;152
JOSE144;ESPINOZA144;153
JOSE145;ESPINOZA145;154
JOSE146;ESPINOZA146;155
JOSE147;ESPINOZA147;156
JOSE148;ESPINOZA148;157
JOSE149;ESPINOZA149;158
JOSE150;ESPINOZA150;159
JOSE151;ESPINOZA151;160
JOSE152;ESPINOZA152;161
JOSE153;ESPINOZA153;162
JOSE154;ESPINOZA154;163
JOSE155;ESPINOZA155;164
JOSE156;ESPINOZA156;165
JOSE157;ESPINOZA157;166
JOSE158;ESPINOZA158;167
JOSE159;ESPINOZA159;168
JOSE160;ESPINOZA160;169
JOSE161;ESPINOZA161;170
JOSE162;ESPINOZA162;171
JOSE163;ESPINOZA163;172
JOSE164;ESPINOZA164;173
JOSE165;ESPINOZA165;174
JOSE166;ESPINOZA166;175
JOSE167;ESPINOZA167;176
JOSE168;ESPINOZA168;177
JOSE169;ESPINOZA169;178
JOSE170;ESPINOZA170;179
JOSE171;ESPINOZA171;180
JOSE172;ESPINOZA172;181
JOSE173;ESPINOZA173;182
JOSE174;ESPINOZA174;183
JOSE175;ESPINOZA175;184
JOSE176;ESPINOZA176;185
JOSE177;ESPINOZA177;186
JOSE178;ESPINOZA178;187
JOSE179;ESPINOZA179;188
JOSE180;ESPINOZA180;189
JOSE181;ESPINOZA181;190
JOSE182;ESPINOZA182;191
JOSE183;ESPINOZA183;192
JOSE184;ESPINOZA184;193
JOSE185;ESPINOZA185;194
JOSE186;ESPINOZA186;195
JOSE187;ESPINOZA187;196
JOSE188;ESPINOZA188;197
JOSE189;ESPINOZA189;198
JOSE190;ESPINOZA190;199
JOSE191;ESPINOZA191;200
JOSE192;ESPINOZA192;201
JOSE193;ESPINOZA193;202
JOSE194;ESPINOZA194;203
JOSE195;ESPINOZA195;204
JOSE196;ESPINOZA196;205
JOSE197;ESPINOZA197;206
JOSE198;ESPINOZA198;207
JOSE199;ESPINOZA199;208
JOSE200;ESPINOZA200;209
JOSE201;ESPINOZA201;210
JOSE202;ESPINOZA202;211
JOSE203;ESPINOZA203;212
JOSE204;ESPINOZA204;213
JOSE205;ESPINOZA205;214
JOSE206;ESPINOZA206;215
JOSE207;ESPINOZA207;216
JOSE208;ESPINOZA208;217
JOSE209;ESPINOZA209;218
JOSE210;ESPINOZA210;219
